{
  "num_samples": 2168,
  "threshold": -6.0,
  "n_splits": 5,
  "configs": {
    "text_only": {
      "regression": {
        "rmse": {
          "mean": 1.3192669243966044,
          "std": 0.17204095801591293
        },
        "mae": {
          "mean": 0.9473320816005325,
          "std": 0.16444346093564524
        },
        "r2": {
          "mean": -1.0545565655853948,
          "std": 1.3988817575492543
        }
      },
      "classification": {
        "accuracy": {
          "mean": 0.5303332315185594,
          "std": 0.03702106602985562
        },
        "balanced_accuracy": {
          "mean": 0.530532558079754,
          "std": 0.03971355660192067
        },
        "f1": {
          "mean": 0.6120294973624791,
          "std": 0.028462704377238066
        },
        "mcc": {
          "mean": 0.056371341983811385,
          "std": 0.07537412451275156
        },
        "pr_auc": {
          "mean": 0.7221100555178073,
          "std": 0.06412602203362032
        },
        "auroc": {
          "mean": 0.533595861572884,
          "std": 0.0804071556852751
        }
      }
    },
    "descriptor_only": {
      "regression": {
        "rmse": {
          "mean": 0.9989564594289628,
          "std": 0.09461455528836948
        },
        "mae": {
          "mean": 0.6983702193132701,
          "std": 0.028838867934357776
        },
        "r2": {
          "mean": -0.048442371150917894,
          "std": 0.2932068811011394
        }
      },
      "classification": {
        "accuracy": {
          "mean": 0.703310074528064,
          "std": 0.03549457949684445
        },
        "balanced_accuracy": {
          "mean": 0.6197912631804089,
          "std": 0.08981099094010297
        },
        "f1": {
          "mean": 0.7770846737275934,
          "std": 0.061091769984671015
        },
        "mcc": {
          "mean": 0.2437774569189933,
          "std": 0.16367031072641697
        },
        "pr_auc": {
          "mean": 0.8434133978105226,
          "std": 0.06098266892324751
        },
        "auroc": {
          "mean": 0.7006149647498809,
          "std": 0.06671535208221377
        }
      }
    },
    "text_plus_descriptors": {
      "regression": {
        "rmse": {
          "mean": 1.0821969025125604,
          "std": 0.07419555162375469
        },
        "mae": {
          "mean": 0.7492699987837865,
          "std": 0.113195800229993
        },
        "r2": {
          "mean": -0.2782017068580329,
          "std": 0.5671174312595973
        }
      },
      "classification": {
        "accuracy": {
          "mean": 0.7036562945275348,
          "std": 0.050502700651155724
        },
        "balanced_accuracy": {
          "mean": 0.6149420264871013,
          "std": 0.07585502195663872
        },
        "f1": {
          "mean": 0.7773898278128041,
          "std": 0.07335501458453725
        },
        "mcc": {
          "mean": 0.23674688950901795,
          "std": 0.13594492152870247
        },
        "pr_auc": {
          "mean": 0.809079311371178,
          "std": 0.03888246936336402
        },
        "auroc": {
          "mean": 0.6521245612220486,
          "std": 0.05516182371833222
        }
      }
    },
    "text_plus_peptide_descriptors": {
      "regression": {
        "rmse": {
          "mean": 1.0478771227535604,
          "std": 0.09212398391776425
        },
        "mae": {
          "mean": 0.7342203448290484,
          "std": 0.0792494801999858
        },
        "r2": {
          "mean": -0.1894102312179312,
          "std": 0.498460967187089
        }
      },
      "classification": {
        "accuracy": {
          "mean": 0.7099144577154132,
          "std": 0.05510130669831867
        },
        "balanced_accuracy": {
          "mean": 0.6267729269625611,
          "std": 0.064942690599521
        },
        "f1": {
          "mean": 0.7858026427406003,
          "std": 0.06417658061257464
        },
        "mcc": {
          "mean": 0.2635409026817755,
          "std": 0.12053938887134799
        },
        "pr_auc": {
          "mean": 0.8174871005680899,
          "std": 0.03717700054754872
        },
        "auroc": {
          "mean": 0.6767938590702223,
          "std": 0.06542325117709048
        }
      }
    },
    "text_plus_monomer_stats": {
      "regression": {
        "rmse": {
          "mean": 1.1066153093805189,
          "std": 0.09220005044467104
        },
        "mae": {
          "mean": 0.7616611612754417,
          "std": 0.13156286362775105
        },
        "r2": {
          "mean": -0.35702976314268264,
          "std": 0.6766312525102846
        }
      },
      "classification": {
        "accuracy": {
          "mean": 0.6381813787262499,
          "std": 0.1197713304456141
        },
        "balanced_accuracy": {
          "mean": 0.5511233270556287,
          "std": 0.08167328630890938
        },
        "f1": {
          "mean": 0.7085020382041258,
          "std": 0.13920880787072373
        },
        "mcc": {
          "mean": 0.12261453206911413,
          "std": 0.15634617735917788
        },
        "pr_auc": {
          "mean": 0.7672365457069104,
          "std": 0.05497499568621265
        },
        "auroc": {
          "mean": 0.5814886907959759,
          "std": 0.0668307344579749
        }
      }
    }
  }
}