source,test_samples,reg_r2,cls_auroc,cls_mcc,permeability_std
2015_Schwochert,13,0.10589619769808845,0.16666666666666666,0.0,0.42005212412538584
2017_Boehm,14,-34.60100812211952,0.375,0.0,0.33557747972407087
2015_Hewitt,18,-0.06707352867428806,0.5308641975308642,0.0,0.8017775391105829
2020_Townsend,1063,0.004750762808599318,0.6573116924046645,-0.043084658050028736,0.9975117114303722
2012_Rand,16,0.2701935584820514,0.6984126984126985,0.047619047619047616,0.5146293417353892
