metric,corr_with_log_test_samples,corr_with_permeability_std
reg_r2,-0.010733469768527296,0.36785714285714277
cls_auroc,-0.23434742327951258,0.20357142857142854
cls_pr_auc,-0.20035810234584286,-0.3
cls_mcc,-0.3913830365018935,0.05734803861861231
cls_bal_acc,-0.43267574218787297,0.05734803861861231
