metric,weighted_mean,weighted_std,min,q1,median,q3,max,num_sources
reg_r2,-0.15166955137603005,2.858777236390722,-34.60100812211952,-0.41777270497889096,0.004750762808599318,0.24014263674570074,0.33304767093366916,15
cls_auroc,0.7367873372183282,0.09057809656670845,0.16666666666666666,0.6778621954086814,0.7708333333333333,0.8992233727810651,1.0,15
cls_pr_auc,0.8593136683193934,0.06779353494481752,0.5983870135019895,0.8088992568013073,0.8877666315166315,0.9567963728341508,1.0,15
cls_mcc,0.07406301036702116,0.16307786928002468,-0.043084658050028736,0.023809523809523808,0.32539568672798425,0.5349340733468043,0.7302967433402214,15
cls_bal_acc,0.537037046180555,0.08556158344092264,0.4938097489232062,0.5079365079365079,0.6730769230769231,0.8003787878787879,0.9444444444444444,15
