source,test_samples,reg_r2,cls_auroc,cls_mcc,permeability_std
2022_Bhardwaj,10,-2.836711774371008,1.0,0.6666666666666666,0.4340518402218795
2015_Ahlbach,14,0.09004881719189084,0.975,0.7302967433402214,0.7464377989860254
2021_Golosov,19,-0.4910402678780519,0.9411764705882353,0.32539568672798425,0.7455128930368747
2015_Marelli,10,0.285917007590886,0.9375,0.6123724356957946,1.869652374105946
2022_Taechalertpaisarn,52,0.2100917150093501,0.8609467455621302,0.457495710997814,0.7399528211411813
