group_a,group_b,metric,group_a_mean,group_b_mean,mean_diff,ci_lower,ci_upper,permutation_pvalue
optimized_shortlist,de_novo_shortlist,quality_score,0.9846491452041003,0.6906120164549893,0.29403712874911103,0.28160765606146504,0.3065444602393164,0.00016663889351774705
optimized_shortlist,de_novo_shortlist,local_diversity,1.0,0.7052306188175752,0.2947693811824248,0.27817900635495746,0.3116952963250517,0.00016663889351774705
optimized_shortlist,de_novo_shortlist,predicted_permeability,-4.510564873254314,-4.724814869193243,0.21424999593892924,0.13246632803608832,0.2931222172501514,0.0004999166805532411
optimized_shortlist,de_novo_shortlist,predicted_positive_prob,0.9846491452041003,0.9869960208795784,-0.0023468756754780884,-0.011581722537470727,0.006451513975860006,0.6225629061823029
optimized_shortlist,de_novo_shortlist,n_methyl_ratio,0.27777777777777773,0.45138888888888884,-0.1736111111111111,-0.3333333333333333,-0.0137152777777771,0.009498416930511582
optimized_shortlist,de_novo_shortlist,natural_ratio,0.5555555555555557,0.34027777777777773,0.21527777777777796,0.13888888888888895,0.28472222222222227,0.00016663889351774705
optimized_shortlist,de_novo_shortlist,d_ratio,0.16666666666666666,0.07638888888888885,0.0902777777777778,-0.01388888888888884,0.18750000000000008,0.036827195467422094
