{
  "num_samples": 2168,
  "train_samples": 1734,
  "test_samples": 434,
  "threshold": -6.0,
  "regression": {
    "rmse": 0.9445913037060221,
    "mae": 0.6107571488835644,
    "r2": 0.276878493191995
  },
  "classification": {
    "accuracy": 0.7050691244239631,
    "precision": 0.8373015873015873,
    "recall": 0.7080536912751678,
    "f1": 0.7672727272727272,
    "auroc": 0.7726016581129095
  }
}