position,count,mean_predicted_permeability,mean_positive_prob,mean_improvement
5,910,-5.269403386869241,0.837443874361845,-0.8237220681879226
0,891,-5.412268924335564,0.8186395300185004,-0.9723811577811309
3,894,-5.397444273328836,0.8127550558197122,-0.9556769355212297
2,687,-5.430942451307711,0.7937377819182564,-0.8900836449030526
4,754,-5.411983800350354,0.7909606688766332,-0.9051402990240942
1,746,-5.452337106345442,0.7799813499773895,-0.950299572833377
