group,count,uniqueness,novelty_vs_train,pairwise_jaccard_diversity,mean_natural_ratio,mean_n_methyl_ratio,mean_d_ratio,mean_predicted_permeability,mean_predicted_positive_prob,mean_improvement
train_top100,100,1.0,0.0,0.714708061859577,0.36,0.4166666666666667,0.1316666666666666,,,
optimized_shortlist,12,1.0,1.0,0.5535113035113034,0.5555555555555557,0.2777777777777777,0.1666666666666666,-4.510564873254314,0.9846491452041004,0.3394351267456875
de_novo_shortlist,24,1.0,1.0,0.7052306188175754,0.3402777777777777,0.4513888888888888,0.0763888888888888,-4.724814869193243,0.9869960208795784,
