metric,weighted_mean,weighted_std,min,q1,median,q3,max,num_sources
reg_r2,-0.15166955137603,2.858777236390722,-34.60100812211952,-0.4177727049788909,0.0047507628085993,0.2401426367457007,0.3330476709336691,15
cls_auroc,0.7367873372183282,0.0905780965667084,0.1666666666666666,0.6778621954086814,0.7708333333333333,0.8992233727810651,1.0,15
cls_pr_auc,0.8593136683193934,0.0677935349448175,0.5983870135019895,0.8088992568013073,0.8877666315166315,0.9567963728341508,1.0,15
cls_mcc,0.0740630103670211,0.1630778692800246,-0.0430846580500287,0.0238095238095238,0.3253956867279842,0.5349340733468043,0.7302967433402214,15
cls_bal_acc,0.537037046180555,0.0855615834409226,0.4938097489232062,0.5079365079365079,0.6730769230769231,0.8003787878787879,0.9444444444444444,15
