metric,corr_with_log_test_samples,corr_with_permeability_std
reg_r2,-0.0107334697685272,0.3678571428571427
cls_auroc,-0.2343474232795125,0.2035714285714285
cls_pr_auc,-0.2003581023458428,-0.3
cls_mcc,-0.3913830365018935,0.0573480386186123
cls_bal_acc,-0.4326757421878729,0.0573480386186123
