setting,metric,mean,ci_low,ci_high
hybrid_random,auroc,0.8451289330617772,0.8054064168003708,0.8852767938798655
hybrid_random,r2,0.3888212159613928,0.30573595418880056,0.4717625238228939
hybrid_source,auroc,0.6249169303365506,0.5836654087185251,0.6656608348293611
hybrid_source,r2,-0.019593054444153424,-0.06552447046145929,0.02937624582454527
