{
  "num_samples": 2168,
  "num_numeric_features": 46,
  "threshold": -6.0,
  "n_splits": 5,
  "models": {
    "hist_gb": {
      "regression": {
        "rmse": {
          "mean": 0.9989564594289628,
          "std": 0.09461455528836948
        },
        "mae": {
          "mean": 0.6983702193132701,
          "std": 0.028838867934357776
        },
        "r2": {
          "mean": -0.048442371150917894,
          "std": 0.2932068811011394
        }
      },
      "classification": {
        "accuracy": {
          "mean": 0.703310074528064,
          "std": 0.03549457949684445
        },
        "balanced_accuracy": {
          "mean": 0.6197912631804089,
          "std": 0.08981099094010297
        },
        "f1": {
          "mean": 0.7770846737275934,
          "std": 0.061091769984671015
        },
        "mcc": {
          "mean": 0.2437774569189933,
          "std": 0.16367031072641697
        },
        "pr_auc": {
          "mean": 0.8434133978105226,
          "std": 0.06098266892324751
        },
        "auroc": {
          "mean": 0.7006149647498809,
          "std": 0.06671535208221377
        }
      }
    },
    "random_forest": {
      "regression": {
        "rmse": {
          "mean": 0.9433613795997495,
          "std": 0.0824962451399475
        },
        "mae": {
          "mean": 0.6236904629575493,
          "std": 0.07540092555180422
        },
        "r2": {
          "mean": 0.07283381601379688,
          "std": 0.24044980448399692
        }
      },
      "classification": {
        "accuracy": {
          "mean": 0.7250642954747685,
          "std": 0.03816828502274283
        },
        "balanced_accuracy": {
          "mean": 0.6223298510114361,
          "std": 0.10077556453954782
        },
        "f1": {
          "mean": 0.8025848072101512,
          "std": 0.05187998375543148
        },
        "mcc": {
          "mean": 0.2637111472587462,
          "std": 0.1753510627419335
        },
        "pr_auc": {
          "mean": 0.8511643625275207,
          "std": 0.0719258965494561
        },
        "auroc": {
          "mean": 0.7248037821745977,
          "std": 0.09872103324533318
        }
      }
    },
    "extra_trees": {
      "regression": {
        "rmse": {
          "mean": 0.9536686941386133,
          "std": 0.10745564626475464
        },
        "mae": {
          "mean": 0.6354268867036035,
          "std": 0.052373683981693925
        },
        "r2": {
          "mean": 0.05799124730580516,
          "std": 0.2303295813897985
        }
      },
      "classification": {
        "accuracy": {
          "mean": 0.6901027949528145,
          "std": 0.057654116601870815
        },
        "balanced_accuracy": {
          "mean": 0.581985132742852,
          "std": 0.0828017052520384
        },
        "f1": {
          "mean": 0.7796781991901219,
          "std": 0.06280581991619817
        },
        "mcc": {
          "mean": 0.17415455284639855,
          "std": 0.1573925484403325
        },
        "pr_auc": {
          "mean": 0.8260676619343699,
          "std": 0.060110481684934026
        },
        "auroc": {
          "mean": 0.6571246901158785,
          "std": 0.07546566685035147
        }
      }
    },
    "ensemble": {
      "regression": {
        "rmse": {
          "mean": 0.9498334383036809,
          "std": 0.09696598299234539
        },
        "mae": {
          "mean": 0.6398270600234235,
          "std": 0.04954616365000555
        },
        "r2": {
          "mean": 0.06338496755768364,
          "std": 0.23058100111179405
        }
      },
      "classification": {
        "accuracy": {
          "mean": 0.7042055210944966,
          "std": 0.045000290916507445
        },
        "balanced_accuracy": {
          "mean": 0.6071919539507689,
          "std": 0.09255083314359389
        },
        "f1": {
          "mean": 0.7838883113981444,
          "std": 0.06122907092791568
        },
        "mcc": {
          "mean": 0.22233281553482903,
          "std": 0.17191765727408095
        },
        "pr_auc": {
          "mean": 0.8486684146880439,
          "std": 0.06408961966253256
        },
        "auroc": {
          "mean": 0.7006540526547888,
          "std": 0.07484967572703796
        }
      }
    }
  }
}