group,count,MolLogP_mean_mean,MolLogP_mean_std,TPSA_mean_mean,TPSA_mean_std,FractionCSP3_mean_mean,FractionCSP3_mean_std,qed_mean_mean,qed_mean_std,n_methyl_ratio_mean,n_methyl_ratio_std,d_ratio_mean,d_ratio_std,aromatic_ratio_mean,aromatic_ratio_std
overall_train,2168,0.7863577876251977,0.17322076385294738,25.911305021085926,2.8172537742883232,0.7159856925924926,0.0782867303500543,0.5562419630929537,0.025631882788618113,0.19939377965208224,0.16484607101963425,0.2196340713407134,0.1565550053021125,0.14291205412054123,0.11997789390396241
train_top100,100,0.7916126666666667,0.06938977141233023,24.332283333333336,2.3986790071865376,0.7521905362316665,0.0395000869225375,0.547592552905,0.01439064113922448,0.41666666666666674,0.18877001607101776,0.13166666666666665,0.13872717858647385,0.11999999999999998,0.08567419296420213
optimized_shortlist,12,0.7772694444444445,0.018674734232464994,25.193333333333328,2.6007423182738814,0.7121031745,0.046627943584430176,0.5623064939166668,0.023043687573674053,0.27777777777777773,0.2958751215328648,0.16666666666666666,0.17407765595569785,0.16666666666666657,2.8989753257218837e-17
de_novo_shortlist,24,0.7884215277777779,0.03748660388073678,22.62958333333333,0.8549623900533854,0.7938740078333334,0.045886996663857954,0.5341373938402777,0.010660182141498725,0.45138888888888884,0.0916721561816979,0.07638888888888885,0.08482956295067523,0.07638888888888885,0.08482956295067523
