from_monomer,to_monomer,count,mean_predicted_permeability,mean_improvement,mean_positive_prob
L,dF,2,-4.605972821789326,0.2140271782106744,0.9714929109524506
Mono14|P,meL|Me_dL,2,-4.848491797096361,0.1915082029036394,0.9405190139227896
P|Me_dF,meL|meA,2,-4.747011759147283,0.1729882408527165,0.9899282968234682
Me_dA|Bn_Gly,Me_dL|meA,1,-4.388084134976139,0.3419158650238616,0.9986960606147802
F|A,dF|dL,1,-4.605972821789326,0.3340271782106745,0.9714929109524506
F|A,dL|dF,1,-4.605972821789326,0.3340271782106745,0.9714929109524506
dPye|Nal,L|F,1,-4.807722420634922,0.2822775793650782,0.9776587258167296
dF|dP,Pr_Gly|meL,1,-4.679095954633924,0.2609040453660762,1.0
dF|dP,meL|Pr_Gly,1,-4.679095954633924,0.2609040453660762,1.0
Mono29|Sta,Pr_Gly|L,1,-4.751759026390275,0.2482409736097253,0.9575185342247312
Sta|Sta,L|dA,1,-4.878555097907226,0.2214449020927738,0.9392281579080868
Sta|Sta,dL|A,1,-4.878555097907226,0.2214449020927738,0.9392281579080868
L|Bn_Gly,meL|Me_dL,1,-4.511311171520846,0.2186888284791548,1.0
Mono29|Sta,Pr_Gly|F,1,-4.7841046923821775,0.2158953076178225,0.999163749294184
"Mono29|Sta(3R,4R)",Pr_Gly|L,1,-4.751759026390275,0.2082409736097252,0.9575185342247312
Pr_Gly|L,Me_dL|Me_dA,1,-4.511311171520846,0.1986888284791543,1.0
Pr_Gly|L,meL|meA,1,-4.511311171520846,0.1986888284791543,1.0
dPye|Nal,F|Nle,1,-4.911241893217887,0.1787581067821131,0.9722267296067192
"Mono29|Sta(3R,4R)",Pr_Gly|F,1,-4.7841046923821775,0.1758953076178224,0.999163749294184
dLeu(O->S)|Y,F|dL,1,-4.807722420634922,0.1622775793650781,0.9776587258167296
dLeu(O->S)|Y,dL|F,1,-4.807722420634922,0.1622775793650781,0.9776587258167296
dF,L,1,-4.807722420634922,0.1522775793650783,0.9776587258167296
dF|dP,dP|L,1,-4.807722420634922,0.1522775793650783,0.9776587258167296
