route,neighbor_CHCl3_3DPSA,neighbor_H2O_3DPSA,neighbor_EPSA,neighbor_solvent_3DPSA_gap,neighbor_distance
de_novo,94.04214153327383,96.7361004124351,,2.693958879161258,8.973907254296444
optimized,92.84464769064613,96.65219909911912,,3.8075514084729902,8.744146695473505
