{
  "num_samples": 2168,
  "num_numeric_features": 46,
  "num_peptide_descriptor_features": 13,
  "threshold": -6.0,
  "random_split": {
    "train_samples": 1734,
    "test_samples": 434,
    "regression": {
      "text": {
        "rmse": 0.976341170644089,
        "mae": 0.6913629551670044,
        "r2": 0.22744999668192922
      },
      "numeric": {
        "rmse": 0.8746225785855949,
        "mae": 0.5343409332922411,
        "r2": 0.3800384412215968
      },
      "hybrid": {
        "rmse": 0.8670702463340333,
        "mae": 0.5713292938897002,
        "r2": 0.39069890362526605
      }
    },
    "classification": {
      "text": {
        "accuracy": 0.716589861751152,
        "balanced_accuracy": 0.6397305566521911,
        "precision": 0.7659574468085106,
        "recall": 0.8456375838926175,
        "f1": 0.8038277511961722,
        "mcc": 0.30269578434039157,
        "pr_auc": 0.8371229816403792,
        "auroc": 0.737243387287801
      },
      "numeric": {
        "accuracy": 0.7857142857142857,
        "balanced_accuracy": 0.7680122384524279,
        "precision": 0.8647686832740213,
        "recall": 0.8154362416107382,
        "f1": 0.8393782383419689,
        "mcc": 0.5204312093314546,
        "pr_auc": 0.9132670716899111,
        "auroc": 0.8472907619423609
      },
      "hybrid": {
        "accuracy": 0.7695852534562212,
        "balanced_accuracy": 0.780250690880379,
        "precision": 0.896,
        "recall": 0.7516778523489933,
        "f1": 0.8175182481751825,
        "mcc": 0.5261085478194008,
        "pr_auc": 0.9129438435903263,
        "auroc": 0.845514212396368
      }
    },
    "calibration": {
      "best_threshold": 0.6100000000000001,
      "validation_mcc": 0.3574554510894049
    }
  },
  "source_split": {
    "train_samples": 1063,
    "test_samples": 1105,
    "num_train_sources": 23,
    "num_test_sources": 6,
    "regression": {
      "text": {
        "rmse": 1.093345628597803,
        "mae": 0.716771518898297,
        "r2": -0.17873703318349166
      },
      "numeric": {
        "rmse": 1.0884948059504431,
        "mae": 0.6473346332333775,
        "r2": -0.16830088192586268
      },
      "hybrid": {
        "rmse": 1.016373121287743,
        "mae": 0.5854439185192138,
        "r2": -0.018610913837502574
      }
    },
    "classification": {
      "text": {
        "accuracy": 0.5502262443438914,
        "balanced_accuracy": 0.5424092859562615,
        "precision": 0.803030303030303,
        "recall": 0.5565927654609102,
        "f1": 0.6574776016540317,
        "mcc": 0.07097469498279538,
        "pr_auc": 0.7997185044221415,
        "auroc": 0.5305007151729589
      },
      "numeric": {
        "accuracy": 0.746606334841629,
        "balanced_accuracy": 0.5214457785975082,
        "precision": 0.783677482792527,
        "recall": 0.9299883313885647,
        "f1": 0.8505869797225186,
        "mcc": 0.06609768553879565,
        "pr_auc": 0.8879809633276246,
        "auroc": 0.6843358301652426
      },
      "hybrid": {
        "accuracy": 0.7773755656108597,
        "balanced_accuracy": 0.5040322580645161,
        "precision": 0.7769718948322756,
        "recall": 1.0,
        "f1": 0.8744897959183674,
        "mcc": 0.07915745307726646,
        "pr_auc": 0.8365081611837701,
        "auroc": 0.6247341626830278
      }
    },
    "calibration": {
      "best_threshold": 0.2,
      "validation_mcc": 0.38604401609572414
    }
  }
}