comparison,delta_mean_predicted_positive_prob,delta_pairwise_jaccard_diversity,delta_mean_predicted_permeability
full_vs_no_motif,-0.001677991929045719,-0.02905308258569128,0.014968975116645744
full_vs_no_uncertainty,0.0007354566909636429,-0.01982114101679333,-0.030641802607498825
full_vs_no_composition,0.008679812541689591,0.0003968253968253954,-0.058988168642247096
full_vs_quality_only,0.010080120846501006,0.014279963193006617,-0.0854535650495114
