{
  "hybrid_random_split": {
    "regression": {
      "rmse": {
        "mean": 0.8673730489817274,
        "ci_lower": 0.7411282537312055,
        "ci_upper": 1.000515776107923
      },
      "mae": {
        "mean": 0.57169647363802,
        "ci_lower": 0.5136157740861046,
        "ci_upper": 0.6335990784887566
      },
      "r2": {
        "mean": 0.3888212159613928,
        "ci_lower": 0.30573595418880056,
        "ci_upper": 0.4717625238228939
      }
    },
    "classification": {
      "balanced_accuracy": {
        "mean": 0.7802743290643522,
        "ci_lower": 0.7412304246706556,
        "ci_upper": 0.8230927148913538
      },
      "f1": {
        "mean": 0.8177160191583608,
        "ci_lower": 0.780300949050949,
        "ci_upper": 0.8520133542059359
      },
      "mcc": {
        "mean": 0.526191629053408,
        "ci_lower": 0.4487894555508885,
        "ci_upper": 0.6081516724972417
      },
      "pr_auc": {
        "mean": 0.9129875364025026,
        "ci_lower": 0.878503372376881,
        "ci_upper": 0.9410626803774306
      },
      "auroc": {
        "mean": 0.8451289330617772,
        "ci_lower": 0.8054064168003708,
        "ci_upper": 0.8852767938798655
      }
    }
  },
  "hybrid_source_split": {
    "regression": {
      "rmse": {
        "mean": 1.0112790341546083,
        "ci_lower": 0.9052744221842998,
        "ci_upper": 1.1101405507880535
      },
      "mae": {
        "mean": 0.5837947528389901,
        "ci_lower": 0.5373055575089649,
        "ci_upper": 0.6295064162834478
      },
      "r2": {
        "mean": -0.019593054444153424,
        "ci_lower": -0.06552447046145929,
        "ci_upper": 0.02937624582454527
      }
    },
    "classification": {
      "balanced_accuracy": {
        "mean": 0.5039356565627546,
        "ci_lower": 0.5,
        "ci_upper": 0.5105047545333923
      },
      "f1": {
        "mean": 0.8743578207544143,
        "ci_lower": 0.8571391561806069,
        "ci_upper": 0.8897863640055534
      },
      "mcc": {
        "mean": 0.07025391982809118,
        "ci_lower": 0.0,
        "ci_upper": 0.12833679106549362
      },
      "pr_auc": {
        "mean": 0.8369753133517879,
        "ci_lower": 0.8075800187559555,
        "ci_upper": 0.8653019207459711
      },
      "auroc": {
        "mean": 0.6249169303365506,
        "ci_lower": 0.5836654087185251,
        "ci_upper": 0.6656608348293611
      }
    }
  }
}