config,reg_rmse_mean,reg_r2_mean,cls_acc_mean,cls_f1_mean,cls_mcc_mean,cls_auroc_mean
descriptor_only,0.9989564594289628,-0.048442371150917894,0.703310074528064,0.7770846737275934,0.2437774569189933,0.7006149647498809
text_plus_peptide_descriptors,1.0478771227535604,-0.1894102312179312,0.7099144577154132,0.7858026427406003,0.2635409026817755,0.6767938590702223
text_plus_descriptors,1.0821969025125604,-0.2782017068580329,0.7036562945275348,0.7773898278128041,0.23674688950901795,0.6521245612220486
text_plus_monomer_stats,1.1066153093805189,-0.35702976314268264,0.6381813787262499,0.7085020382041258,0.12261453206911413,0.5814886907959759
text_only,1.3192669243966044,-1.0545565655853948,0.5303332315185594,0.6120294973624791,0.056371341983811385,0.533595861572884
