model,reg_rmse_mean,reg_r2_mean,cls_acc_mean,cls_f1_mean,cls_mcc_mean,cls_auroc_mean
random_forest,0.9433613795997495,0.07283381601379688,0.7250642954747685,0.8025848072101512,0.2637111472587462,0.7248037821745977
ensemble,0.9498334383036809,0.06338496755768364,0.7042055210944966,0.7838883113981444,0.22233281553482903,0.7006540526547888
hist_gb,0.9989564594289628,-0.048442371150917894,0.703310074528064,0.7770846737275934,0.2437774569189933,0.7006149647498809
extra_trees,0.9536686941386133,0.05799124730580516,0.6901027949528145,0.7796781991901219,0.17415455284639855,0.6571246901158785
