subset,reg_rmse_weighted,reg_r2_weighted,cls_acc_weighted,cls_bal_acc_weighted,cls_f1_weighted,cls_mcc_weighted,cls_auroc_weighted
all_sources,0.9420117324953725,-0.26771374295029754,0.7000950570342206,0.540716105320223,0.7942140826674977,0.07286617464816245,0.6990929314134537
strict_sources_only,0.9449884170495161,-0.15166955137603005,0.6990338164251209,0.5370370461805553,0.7932816891783004,0.07406301036702116,0.710575617243433
