{
  "num_samples": 2168,
  "num_numeric_features": 46,
  "num_sources_evaluated": 17,
  "num_sources_valid_for_strict_summary": 15,
  "threshold": -6.0,
  "min_test_size": 10,
  "all_sources": {
    "regression": {
      "rmse": {
        "weighted_mean": 0.9420117324953725,
        "mean": 0.8742778443413756,
        "std": 0.42891179318285744
      },
      "mae": {
        "weighted_mean": 0.6014061386065762,
        "mean": 0.7029522117179895,
        "std": 0.40303650864803836
      },
      "r2": {
        "weighted_mean": -0.26771374295029754,
        "mean": -3.0225342240708106,
        "std": 8.449243252002178
      }
    },
    "classification": {
      "accuracy": {
        "weighted_mean": 0.7000950570342206,
        "mean": 0.6891396572473198,
        "std": 0.19700533053778654
      },
      "balanced_accuracy": {
        "weighted_mean": 0.540716105320223,
        "mean": 0.6841965373235289,
        "std": 0.17225852201840267
      },
      "f1": {
        "weighted_mean": 0.7942140826674977,
        "mean": 0.7216992289066636,
        "std": 0.2268717856733815
      },
      "mcc": {
        "weighted_mean": 0.07286617464816245,
        "mean": 0.2599575502601392,
        "std": 0.2731065825670356
      },
      "pr_auc": {
        "weighted_mean": 0.8615871166450305,
        "mean": 0.8777476202626712,
        "std": 0.12105820238928695
      },
      "auroc": {
        "weighted_mean": 0.6990929314134537,
        "mean": 0.7363526556357018,
        "std": 0.22381677972911052
      }
    }
  },
  "strict_sources_only": {
    "regression": {
      "rmse": {
        "weighted_mean": 0.9449884170495161,
        "mean": 0.8942753304167074,
        "std": 0.43848567818776896
      },
      "mae": {
        "weighted_mean": 0.6008541948170913,
        "mean": 0.716230743510512,
        "std": 0.4158729914970315
      },
      "r2": {
        "weighted_mean": -0.15166955137603005,
        "mean": -2.542957370112742,
        "std": 8.605268977877058
      }
    },
    "classification": {
      "accuracy": {
        "weighted_mean": 0.6990338164251209,
        "mean": 0.6757617869855591,
        "std": 0.1911940898704682
      },
      "balanced_accuracy": {
        "weighted_mean": 0.5370370461805553,
        "mean": 0.6701595844052627,
        "std": 0.1613848852141656
      },
      "f1": {
        "weighted_mean": 0.7932816891783004,
        "mean": 0.7023702372053298,
        "std": 0.22975536278237033
      },
      "mcc": {
        "weighted_mean": 0.07406301036702116,
        "mean": 0.2946185569614911,
        "std": 0.27261766338553006
      },
      "pr_auc": {
        "weighted_mean": 0.8593136683193935,
        "mean": 0.8614473029643609,
        "std": 0.11979418693578041
      },
      "auroc": {
        "weighted_mean": 0.710575617243433,
        "mean": 0.7363526556357018,
        "std": 0.22381677972911052
      }
    }
  }
}