route,count,quality_mean,quality_top10_mean,diversity_mean,diversity_top10_mean
optimized_pool,233,0.956880248663759,0.9998327498588366,0.7163657828736637,0.695934934318555
optimized_shortlist,12,0.9846491452041003,0.9872803920544302,1.0,1.0
de_novo_pool,120,0.6439514043833451,0.715305771405263,0.7631064142828848,0.7573019207683072
de_novo_shortlist,24,0.6906120164549893,0.715305771405263,0.7052306188175752,0.707991718426501
